date,factor,q1,q2,q3,q4,q5,top_minus_bottom
2015-04-30,value,0.011886241843329138,0.015052581770834789,0.02881930641010399,0.006970531460780261,0.009837093737412123,-0.0020491481059170154
2015-04-30,quality,0.00713585513898986,0.02825741792240219,0.0011579933553705958,0.0340551702258267,0.0019593185798709558,-0.005176536559118905
2015-05-31,value,0.016310573919944754,-0.003777105238583367,-0.005276130149356356,0.024157395679966658,0.026083863083789814,0.00977328916384506
2015-05-31,quality,0.017019256212070254,0.022713373003959297,0.01715974826423804,0.006658986641460312,-0.006052766825966399,-0.023072023038036654
2015-06-30,value,-0.0025889129878412798,0.0160001860031308,0.012112146752893894,-0.011608612459979512,0.002571220038615063,0.005160133026456343
2015-06-30,quality,-0.007490716921570611,0.007580780387975017,0.018530803128643254,0.011367222171301627,-0.01350206141953032,-0.006011344497959708
2015-07-31,value,0.00018581505453099111,0.010093209697525285,0.00521183670036397,0.006073269776509899,0.009579248816965636,0.009393433762434645
2015-07-31,quality,-0.0063906366213879575,0.0002719799685128255,0.015713405270116575,-0.004405266129939972,0.025953897558594306,0.032344534179982266
2015-08-31,value,-0.0006551755027214168,0.001912182105221477,-0.006597905604446619,-0.00115658502498171,0.0013034879633004315,0.001958663466021848
2015-08-31,quality,-0.00634111494273194,0.004219472773891964,-0.004285166769898335,-0.0012047329266783424,0.0024175458017888173,0.008758660744520757
2015-09-30,value,0.011422778918214815,0.021855463931435375,-0.001709302233207144,0.006347833400352753,-0.01036668894258363,-0.021789467860798446
2015-09-30,quality,0.009581604747734212,-0.0018539506598232835,0.003988129274313984,0.01905576262289272,-0.00322146091090546,-0.012803065658639673
2015-10-31,value,0.007334575289792561,0.014729362603391971,0.0035308447839739352,-0.0007914521665179808,-0.0004543712946266487,-0.00778894658441921
2015-10-31,quality,0.00839334837106095,0.014955273511668343,-0.0024071223754060568,0.004126567933035519,-0.0007191082243449165,-0.009112456595405867
2015-11-30,value,0.004657290111269791,0.016261169937867397,-0.00472823881287498,0.004746077142595895,-0.011173527479480843,-0.015830817590750633
2015-11-30,quality,-0.0014122192206598772,0.007463276844094013,0.009825483362258946,0.005346379958082503,-0.011460150044398326,-0.010047930823738449
2015-12-31,value,0.012053663432551931,0.006244890435346745,0.0031959838375575146,-0.001639603453492533,0.00635143429169831,-0.005702229140853621
2015-12-31,quality,-0.009131465521876835,0.006931456578784573,0.010467327740652742,0.010556000980734382,0.007383048765367106,0.01651451428724394
2016-01-31,momentum,-0.017711203979678368,-0.016846028525091778,-0.02956085175955308,-0.011128281915219123,-0.002377932463906429,0.015333271515771938
2016-01-31,value,-0.010461850064968924,0.0026545728297584447,-0.026619343186541085,-0.01881058730787376,-0.024387090913823455,-0.01392524084885453
2016-01-31,quality,-0.023783180454278418,-0.016152289812724326,-0.01300049708904905,-0.005223272796792,-0.019465058490604988,0.00431812196367343
2016-02-29,momentum,-0.0033369936239488083,0.010762847972433603,0.001523808048578834,-0.005662164626297994,-0.028969403168264407,-0.025632409544315598
2016-02-29,value,-0.014390542560534686,-0.009183791174874561,0.022954463062686215,-0.00029145867440006913,-0.02477057605037567,-0.010380033489840986
2016-02-29,quality,-0.021881309342238954,-0.01203354424948624,0.001913718907447004,0.0028057356966823045,0.003513493590097111,0.025394802932336064
2016-02-29,low_volatility,-0.031539310253367606,0.0030290320257699453,-0.005623996637640949,0.0030614624800984758,0.0053909069876413584,0.036930217241008964
2016-03-31,momentum,-0.002981321222163891,0.03846728410064017,0.009852022268528798,0.00500414269759768,-0.0034489132153570357,-0.00046759199319314475
2016-03-31,value,-0.0016491573689549177,0.013887490095747922,0.005251950712696884,0.01805454624927814,0.011348384940477685,0.012997542309432602
2016-03-31,quality,-0.008674319471009884,0.019679009121918684,0.02990469659158108,0.01712205369560294,-0.011138225308847106,-0.002463905837837222
2016-03-31,low_volatility,-0.004008206246099993,0.015831176375247797,0.02283979239197521,0.009640080455275419,0.002590371652847284,0.006598577898947277
2016-04-30,momentum,0.012620528032230604,0.001246502605235894,-0.021340214374358863,0.011236762767131665,0.01138053624762091,-0.0012399917846096942
2016-04-30,value,-0.0030616709995454515,0.006891600440238887,0.013685624781258959,0.005566853050759768,-0.007938291994851954,-0.004876620995306503
2016-04-30,quality,-0.008759731039680141,0.01568401348890099,0.0011104057717844895,0.00027325271450771014,0.006836174342347162,0.015595905382027302
2016-04-30,low_volatility,-0.01833302404587343,0.02960261119219528,-0.004763227778701734,0.006141804658334632,0.0024959512519054593,0.020828975297778888
2016-05-31,momentum,-0.00026616406655398107,-0.01364527950088205,0.001617774174234854,-0.0074148839211381655,-0.006061357255344324,-0.005795193188790342
2016-05-31,value,-0.008338049861540176,-0.015544365932454163,0.0006911550271268164,-0.0012671962780878344,-0.0013114535247283122,0.007026596336811864
2016-05-31,quality,-0.011971432199011662,-0.015242908726218663,0.005845269715747203,0.01005830369004938,-0.014459143050249928,-0.0024877108512382663
2016-05-31,low_volatility,-0.04058764523889119,-0.015703689569083145,0.009867200776064577,0.0030747459693149736,0.017579477492911118,0.05816712273180231
2016-06-30,momentum,-0.006972275228867125,0.03227110062808967,0.012399309324587876,0.01693120923891065,0.023583951804359828,0.030556227033226954
2016-06-30,value,0.011932932241141453,0.02243008609235102,0.019548396606740865,0.03225833346505373,-0.00795645263820618,-0.019889384879347632
2016-06-30,quality,0.016605474637263723,0.011779330462654152,0.008270010899550068,0.023815067270029557,0.017743412497583395,0.0011379378603196717
2016-06-30,low_volatility,-0.008533100063085752,0.009514829486997578,0.015885040193161292,0.03426549880964465,0.027081027340363127,0.03561412740344888
2016-07-31,momentum,0.0051173090177136,0.02236204753346759,0.016675014201803944,0.015591988477070684,0.024780420551500714,0.019663111533787116
2016-07-31,value,0.034214331290415304,0.0011221728699511823,0.013629199596801072,0.012219925558411638,0.023341150465977338,-0.010873180824437965
2016-07-31,quality,0.005498770183817359,0.005794049916304944,0.02642296826942648,0.022051294081143247,0.024759697330864507,0.01926092714704715
2016-07-31,low_volatility,0.016695437543966185,0.026619979307528175,0.014588152651122926,0.011502718512733334,0.015120491766205913,-0.0015749457777602723
2016-08-31,momentum,0.012533176456464406,-0.007630905432619101,0.003108055558466982,-0.03135038519126924,0.006002928925296286,-0.00653024753116812
2016-08-31,value,0.014813932805544999,-0.022578088065304848,-0.0064964255261921785,0.004594195943680673,-0.00767074484138931,-0.02248467764693431
2016-08-31,quality,-0.016739531438811222,-0.0009012411653071817,-0.0035739142843869585,0.012428507460716765,-0.008550950255872065,0.008188581182939157
2016-08-31,low_volatility,0.01795925223770135,-0.009583156155979206,-0.009583705147399058,-0.02552678630397572,0.009397265685991968,-0.008561986551709382
2016-09-30,momentum,0.02605665474382137,0.0027880303967026676,-0.005366589136028055,-0.005280317640648291,-0.012256987169796623,-0.038313641913617996
2016-09-30,value,-0.016735797443006496,0.004858569900516835,0.0002775483846028159,0.011742075342092734,0.005798395009845181,0.022534192452851678
2016-09-30,quality,-0.017046864757602132,0.020072160423605285,-0.007203143323101041,0.024458813322527424,-0.014340174471378465,0.0027066902862236675
2016-09-30,low_volatility,0.01287566469273072,-0.01694483075236853,0.003633651940397964,-0.009680076484442995,0.016056381797733908,0.003180717105003188
2016-10-31,momentum,-0.013627066505681806,-0.008372106394224293,0.0076142062929907385,-0.0021646021866576605,0.025230434571320976,0.03885750107700278
2016-10-31,value,0.0023063791747146845,-0.002502577930776062,0.004338481696688856,0.012712335293447185,-0.00817375245632671,-0.010480131631041395
2016-10-31,quality,-0.010481013577721748,0.021575423928653237,-0.01070386066029404,-0.01765380845896535,0.025944124546075854,0.0364251381237976
2016-10-31,low_volatility,0.0085885322758466,-0.004391216026139622,-0.0034522998214930544,0.008216318944205941,-0.0002804695946719116,-0.008869001870518511
2016-11-30,momentum,-0.015144805655694427,0.006010717940015814,-0.012637105023686585,-0.012076544298725189,-0.004434227482424979,0.010710578173269448
2016-11-30,value,-0.014988310926623966,-0.008650777142746664,-7.219490497374359e-05,-0.027161364873174897,0.012590683327003905,0.02757899425362787
2016-11-30,quality,-0.00954495469680824,0.0019310647464533758,-0.006106079605059917,-0.012657756415777838,-0.011904238549322748,-0.002359283852514509
2016-11-30,low_volatility,-0.00431999777960686,-0.001898213116439018,-0.027963791269479222,-0.002720346320177569,-0.0013796160348126974,0.0029403817447941627
2016-12-31,momentum,0.002595532442537496,0.004852610589877865,0.009912244961395866,0.0005329592708937736,-0.009346350674600934,-0.01194188311713843
2016-12-31,value,0.0010590283056331306,-0.002681637377132401,-0.005312018480279746,0.007352097393793422,0.008129526748089661,0.00707049844245653
2016-12-31,quality,0.00391192951011955,-0.002893845437265491,0.014744792660479022,-0.00337394776681188,-0.003841932376417134,-0.007753861886536683
2016-12-31,low_volatility,0.0019117733941688253,-0.0013308213459500174,-0.003820416883989297,-0.0086766788690817,0.020463140294956255,0.01855136690078743
2017-01-31,momentum,0.020426333151762177,0.032992470612965216,-0.008130014365445259,0.0009897236409384502,-0.006598407973824716,-0.027024741125586893
2017-01-31,value,0.005148484162688416,-0.01245431029211851,0.016418625714151158,0.006059505613398991,0.024507799868275816,0.0193593157055874
2017-01-31,quality,0.023776887304158438,0.028195365902185486,-0.010035158617873657,-0.005054399682795413,0.0027974101607210144,-0.020979477143437425
2017-01-31,low_volatility,0.01283775766044985,0.015316985409968963,0.009204828080032462,0.0150865462725775,-0.012766012356632906,-0.025603770017082757
2017-02-28,momentum,0.012513010329764368,0.018934094200553038,0.00828234696505123,0.01978387771229447,0.0027783288982562936,-0.009734681431508074
2017-02-28,value,0.005583874520621468,0.003871315292737898,0.015924155102428266,0.0017108570724923445,0.035201456117639425,0.029617581597017956
2017-02-28,quality,-0.015716971360520516,0.025712447415930022,0.01914709064853774,0.013252554058358717,0.019896537343613435,0.03561350870413395
2017-02-28,low_volatility,0.02838258498280994,-0.00489529092814942,-0.0013565945629970266,0.02093559234088297,0.01922536627337294,-0.009157218709437
2017-03-31,momentum,-0.021113510341562086,-0.005250389053586146,0.007013591854122314,0.01249542579139859,0.0010313234896789148,0.022144833831241002
2017-03-31,value,0.01629976732633337,0.005316287112185747,-0.018585859800035354,-3.200439809857847e-05,-0.008821748500333598,-0.025121515826666968
2017-03-31,quality,-0.009153570687340712,0.014268755481329743,-0.01681290503360241,-0.015799291133062,0.021673453112726965,0.030827023800067677
2017-03-31,low_volatility,8.594449759211643e-05,-0.0036342511732963987,-0.011748156078211891,0.00648616794653673,0.002986736547431029,0.0029007920498389126
2017-04-30,momentum,-0.010351305428972928,0.017150551896192235,0.007267293139995556,0.0193936633035627,-0.023015751128329258,-0.01266444569935633
2017-04-30,value,-0.002298279913495721,-0.023005497563705367,0.011829613014806645,0.013003839811244016,0.010914776433598733,0.013213056347094455
2017-04-30,quality,0.020504864955636425,0.013502437942214507,0.012497242655578172,-0.017440789452348913,-0.018619304318631884,-0.03912416927426831
2017-04-30,low_volatility,-0.009033483467312892,0.012284050623744863,0.006257013139287881,-0.001983657915367543,0.002920529402095995,0.011954012869408887
2017-05-31,momentum,-0.004736356645387391,0.004430116816246238,0.0007679957517272406,-0.020853727074874106,0.004806513880042451,0.009542870525429842
2017-05-31,value,0.010566586464650534,0.017000845495695964,-0.021957030673993422,-0.005979276807314299,-0.015216581751284347,-0.025783168215934883
2017-05-31,quality,0.005810555318443755,-0.013144889559516709,0.02224866341987241,-0.009578408481940377,-0.02092137796910465,-0.026731933287548405
2017-05-31,low_volatility,-0.006961213387041349,3.0606754084078205e-05,-0.005782971274360632,-0.006185822901873278,0.0033139435369456127,0.01027515692398696
2017-06-30,momentum,-0.019534886985908374,-0.004958204372905906,0.0012458479157400782,0.009168849559835341,0.026639271932798365,0.04617415891870674
2017-06-30,value,-0.0011079391479195898,-0.005695990149920777,-0.018097404182968863,0.03457755773934369,0.002884653791025038,0.003992592938944628
2017-06-30,quality,-0.020168173780202144,0.00453001256066507,0.007413771510328704,-0.0036148494532350197,0.024400117212002893,0.04456829099220504
2017-06-30,low_volatility,0.001285745839280994,-0.012315842180826708,0.007238237246164464,0.016303281431614393,4.9455713326362896e-05,-0.001236290125954631
2017-07-31,momentum,-0.00883479838114683,0.010405029676901868,0.014600751502361458,0.012193156397629268,0.02557616675428586,0.034410965135432695
2017-07-31,value,0.0023707767194669715,0.008265465655770927,0.02089664846768304,-0.0084381333253297,0.03084554843244039,0.02847477171297342
2017-07-31,quality,0.009119309223500788,0.002439672002998705,0.005340376303604533,0.009770547472036834,0.027270400947890766,0.01815109172438998
2017-07-31,low_volatility,-0.009186063934569139,0.004631249710193136,0.02024833143378659,0.007372536336625002,0.030874252403996032,0.040060316338565174
2017-08-31,momentum,-0.01006251585510487,-0.016743379528890108,0.0038470167187421855,0.008906938492338107,0.007599893719829082,0.01766240957493395
2017-08-31,value,0.024719479427081126,-0.0017326735896951995,-0.010684054125610198,-0.010332618350927142,-0.00842217981393419,-0.033141659241015316
2017-08-31,quality,-0.001082110777264511,-0.031902091768443414,-0.006447623985139905,0.0015260155522078878,0.03145376452555434,0.03253587530281885
2017-08-31,low_volatility,-0.016689247853174792,0.030517473889346523,-0.0037716211777857446,-0.034159262343458466,0.01765061103198688,0.03433985888516167
2017-09-30,momentum,0.01339058615010016,0.00903984070588163,-0.01883135623303687,-0.01086710245420131,0.012569000377912632,-0.0008215857721875271
2017-09-30,value,-0.009377043731147871,-0.0062906565659882506,0.0026436297659571005,-0.007281478980188605,0.025606518058023865,0.03498356178917174
2017-09-30,quality,-0.034368293416163945,0.0400000703041489,0.0053626617188069605,-0.002954647877000077,-0.002738822183135603,0.03162947123302834
2017-09-30,low_volatility,0.006960780503424513,-0.01144398579413855,0.012683716248025856,-0.006274885297268007,0.0033753428866124258,-0.003585437616812087
2017-10-31,momentum,0.017818725579665677,0.0013335229731635645,0.022655445791563054,0.014098962474666831,-0.01920951199185547,-0.03702823757152115
2017-10-31,value,0.012885765772948348,-0.004359568640627287,0.018195584400591526,0.007799917254952532,0.0021754460393385413,-0.010710319733609808
2017-10-31,quality,0.0042465980787471215,-0.001310921294834777,-0.008044322431585805,0.018978625268306883,0.022827165206570237,0.018580567127823116
2017-10-31,low_volatility,0.022768125341722224,0.013643348261590171,0.016972514126967285,-0.005403098623826269,-0.011283744279249752,-0.034051869620971974
2017-11-30,momentum,0.00200520052022059,0.0030181973592281752,-0.0022276022237952887,0.0006934561345615875,0.015655723864136568,0.013650523343915977
2017-11-30,value,0.016794645086169725,0.0013936358976576913,-0.0018987393822821775,-0.004226681125328513,0.007082115178134907,-0.009712529908034818
2017-11-30,quality,-0.0169004415481476,0.008601940976175487,0.016774099655944407,0.0006251404522357729,0.010044236118143562,0.02694467766629116
2017-11-30,low_volatility,-0.01759224212124754,0.015340050832369312,0.008767829131628962,0.011099845644925587,0.0015294921666753115,0.019121734287922854
2017-12-31,momentum,0.009518970311825359,-0.008777685201307495,0.012537091380810283,-0.0062431364256888555,-0.02821037490324499,-0.03772934521507035
2017-12-31,value,0.0007117801765668564,-0.008079595231367281,-0.01534333615791338,0.005295534664422963,-0.003759518289314856,-0.004471298465881712
2017-12-31,quality,0.007291451950542771,-0.015587977562594718,-0.029423723820983867,-0.016801799603829576,0.03334691419925969,0.02605546224871692
2017-12-31,low_volatility,-0.008497346886216523,-0.0013505368790631023,0.0002376383683805272,-0.011860551289137744,0.00029566184843114464,0.008793008734647667
2018-01-31,momentum,0.012029722445728136,-0.001301399094353467,0.011405359822666472,0.005852561614471591,-0.019559414766058058,-0.031589137211786196
2018-01-31,value,-0.011742957010175886,0.016376033204030842,-0.005799360759925815,0.014734141183713929,-0.005141026595188397,0.0066019304149874895
2018-01-31,quality,-0.007668717545136472,0.01033157556874666,0.011988601549847034,-0.008297341865200841,0.002072712314198294,0.009741429859334766
2018-01-31,low_volatility,0.011404854782242752,0.006338694523470629,-0.009332630346583593,-0.006221468447928586,0.006237379511253471,-0.005167475270989281
2018-02-28,momentum,-0.015597065694202366,0.006029130319503917,0.0012743787510957894,0.001620804255220576,0.0027675647175477045,0.01836463041175007
2018-02-28,value,0.011375449530450754,-0.011734608746478154,0.00951595989916047,-0.009382238239268353,-0.003679750094699097,-0.01505519962514985
2018-02-28,quality,0.009927789436648755,0.0006738433070214822,-0.016943715501199347,-0.001482732514291618,0.003919627620986349,-0.006008161815662405
2018-02-28,low_volatility,0.0036568210492124555,0.005746713138842108,-0.025398861159366244,-0.009335374869320883,0.021425514189798184,0.01776869314058573
2018-03-31,momentum,0.0014547505954341344,0.01825671655569398,0.023062027835817428,-0.003851309336405778,0.004923983879081428,0.0034692332836472935
2018-03-31,value,0.0038732770874968735,0.021533014908853433,-0.009522217887272704,0.013430450713482367,0.014531644707061225,0.010658367619564351
2018-03-31,quality,0.01385768054388889,0.0031840069448899055,0.003575202284491158,-0.0032036949055358867,0.026432974661887126,0.012575294117998237
2018-03-31,low_volatility,0.024437914288039625,0.0062967967956354285,0.01599561842454676,-0.007664781845607538,0.004780621867006918,-0.01965729242103271
2018-04-30,momentum,0.018349141763956734,0.01567499897874461,-0.008458844897089363,0.015982509250244935,0.0007453484963747592,-0.017603793267581973
2018-04-30,value,-0.004460464112094798,0.019969563233314648,0.024599532763080457,0.01153479172800701,-0.00935027002007564,-0.004889805907980842
2018-04-30,quality,0.01288169664326711,0.010528703022048374,-0.00560270071796295,0.009642186148762171,0.014843268496116968,0.001961571852849859
2018-04-30,low_volatility,0.03156932804145534,-0.008032120332470926,0.022650654011275244,-0.01069485094165143,0.006800142813623444,-0.024769185227831895
2018-05-31,momentum,0.036708376057863465,0.0036910050661890237,0.003217984840227034,0.004960278482647173,0.03486909880596878,-0.001839277251894686
2018-05-31,value,0.020809273032511698,0.015284916177438873,0.009335203806257708,0.015373618884833374,0.022643731351853824,0.0018344583193421263
2018-05-31,quality,0.006214236649822602,-0.0031492468408947983,0.01939194927026248,0.02222981169646024,0.03875999247724495,0.03254575582742235
2018-05-31,low_volatility,0.04137515695632941,0.023460620694681127,0.009966015834445419,0.0050280429176132015,0.0036169068498263235,-0.037758250106503084
2018-06-30,momentum,-0.01184655841268798,0.005874452259925916,-0.008797253453938132,-0.0025616765190959847,-0.0032223104382257894,0.00862424797446219
2018-06-30,value,-0.011006675902229802,-0.04071379163320267,0.014444845278585555,0.0012203876906668632,0.015501888002158088,0.02650856390438789
2018-06-30,quality,0.004315363291430957,-0.013169888925802264,0.001654701011770948,-0.013002641600457537,-0.0003508803409640715,-0.004666243632395028
2018-06-30,low_volatility,0.013162983606301687,-0.01647962529546416,0.0006846214101214165,-0.005060147912234597,-0.012861178372746312,-0.026024161979048
2018-07-31,momentum,0.016122580541333354,-0.002743109492682233,-0.0125700270223564,0.010116579848727247,-0.004197350784340475,-0.020319931325673828
2018-07-31,value,-0.0019465934076385472,-0.011629480614208848,0.01408830851420954,0.02059742784245331,-0.014380989244133963,-0.012434395836495415
2018-07-31,quality,-0.019229106918412165,-0.011826240843404811,-0.012987877409480708,0.018535473516351507,0.03223642474562767,0.05146553166403983
2018-07-31,low_volatility,-0.02653762204905063,0.006425767992906328,0.020286113441021686,-0.0019862151201518576,0.008540628825955965,0.03507825087500659
2018-08-31,momentum,-0.01888091300864835,0.009107470288527536,0.008626361242704089,0.02342363618123503,-0.012190861788094498,0.00669005122055385
2018-08-31,value,-0.028831674227652822,0.010847032004122941,0.0037651931469914303,0.02944555021232802,-0.005140408220065762,0.02369126600758706
2018-08-31,quality,0.00468443094773201,-0.01624085479086152,0.000719428131615929,0.01548031646920614,0.00544237215803125,0.0007579412102992405
2018-08-31,low_volatility,-0.020927820190070195,-0.0035168771652196286,0.021297897338480493,0.0132614012533816,-2.8908320848458623e-05,0.020898911869221735
2018-09-30,momentum,-0.003474030092694991,0.0006330746330505399,-0.006901080440261098,0.018100573118841924,0.005192536711327939,0.008666566804022929
2018-09-30,value,0.002101456618016845,0.0018536353870747368,-0.010862137734068345,0.017471913578675967,0.002986206080565107,0.0008847494625482621
2018-09-30,quality,-0.016414511979566265,-0.0054916335817071175,-0.011732589486387484,0.02182654855703714,0.02536326042088804,0.0417777724004543
2018-09-30,low_volatility,-0.010388963072147489,0.025975401364545903,-0.004882725454914511,-0.004755331220090137,0.007602692312870546,0.017991655385018034
2018-10-31,momentum,0.010523674261209792,0.004678153489081016,-0.01279969838350587,0.0031818866528654567,0.009797214658357145,-0.0007264596028526468
2018-10-31,value,-0.019344283374036514,0.01060206026114816,0.00737177003608881,0.009170532964011264,0.007581150790795821,0.026925434164832333
2018-10-31,quality,-0.015267545395041826,-0.005717837469462345,0.0213798634193061,0.00884729734947241,0.006139452773733201,0.021406998168775025
2018-10-31,low_volatility,-0.012139627007557729,0.013589335081417154,0.008797830404506735,0.012821890812909692,-0.00768819861326831,0.004451428394289419
2018-11-30,momentum,0.01676130918512096,-0.043819061417342195,-0.0018980643425119625,0.008184844885833287,-0.018591585240946302,-0.03535289442606726
2018-11-30,value,-0.02105958777478125,-0.023589228963038757,0.017261800907378715,-0.010149453157276273,-0.0018260879421286512,0.0192334998326526
2018-11-30,quality,-0.0076239559092925015,-0.012824147289334347,-0.011849211429384221,0.011219855417122799,-0.018285097718957942,-0.010661141809665441
2018-11-30,low_volatility,-0.02139421373837368,0.013548911682627734,-0.03218740140006565,0.003461203182342881,-0.0027910566563774998,0.01860315708199618
2018-12-31,momentum,0.014879157467473458,0.00016719475106943826,0.008350763028515517,-0.0026148248845826562,-0.013342818108752586,-0.028221975576226042
2018-12-31,value,0.015194704829920441,0.017032266223534865,0.00019610225709181805,-0.009256386678814848,-0.015727214378009103,-0.030921919207929544
2018-12-31,quality,-0.004919043571590403,-0.008032650815523457,0.0014411541869133904,0.012460242789862736,0.006489769664060907,0.011408813235651311
2018-12-31,low_volatility,-0.0019592944886858755,0.00612793708285046,-0.0038327109972183917,6.075578120791625e-05,0.007042784875569063,0.009002079364254938
2019-01-31,momentum,0.003548680700856005,-0.00169163017259904,0.007643416952665472,0.010223845037795259,-0.015555132686576151,-0.019103813387432157
2019-01-31,value,-0.005265496388389773,-0.0011500326793960458,-0.0015722552078211993,0.0014197673104770325,0.010737196797271531,0.016002693185661304
2019-01-31,quality,0.01971191954226927,0.005497309511061666,-0.003163344502308163,-0.019201869269440248,0.0013251645505590215,-0.018386754991710247
2019-01-31,low_volatility,0.0038067783556635483,-0.01745963765143448,0.03190194686320175,-0.004032590703031275,-0.010047317032257997,-0.013854095387921546
2019-02-28,momentum,0.003741899513968139,0.011054224869759538,0.024464281046113173,-0.008882448340314398,-0.0017029288817666632,-0.005444828395734802
2019-02-28,value,-0.005624408019818355,0.013695147929013751,0.01812499250108764,0.01097813795705051,-0.008498842159573755,-0.0028744341397553995
2019-02-28,quality,-0.007340780964599036,0.021471863180290686,0.009667689063837437,-0.006116132299999489,0.010992389228230193,0.018333170192829228
2019-02-28,low_volatility,0.004509862238832996,-0.007513582636238869,-0.003467820579990122,0.0047010454870339445,0.03044552369812184,0.025935661459288845
2019-03-31,momentum,0.011763391857298628,0.023203497743953368,-0.007567424329294687,0.01249649566524269,0.0031949781844671844,-0.008568413672831444
2019-03-31,value,0.015253556670499801,0.006556481993593305,-0.009223180487518124,0.026701655721460254,0.0038024252236319445,-0.011451131446867857
2019-03-31,quality,-0.0015048670518421404,0.02130019122393237,0.0026970298825455654,0.0025969726653335746,0.018001612401697814,0.019506479453539956
2019-03-31,low_volatility,0.008277881457859015,-0.008135853037724428,0.025406174018310117,0.01768902459626879,-0.0001462879130463113,-0.008424169370905326
2019-04-30,momentum,-0.005528244300233709,-0.03074997671856657,-0.007405478196630394,-0.004996072700653259,0.01029837153655781,0.01582661583679152
2019-04-30,value,-0.019505247063436128,-0.006102591393284368,-0.006545345978066014,-0.008382670427010352,0.00215445448227074,0.02165970154570687
2019-04-30,quality,-0.013612703648921809,0.01043584453554251,0.010846432486809426,-0.03080515873611121,-0.015245815016845039,-0.0016331113679232297
2019-04-30,low_volatility,-0.03955615084468131,0.005652813509354804,0.010244541172878274,0.001557069129107247,-0.016279673346185138,0.02327647749849617
2019-05-31,momentum,-0.012255952526915697,0.0029182340358775483,-0.0016371014958244112,0.027902061850089633,0.005019620527583574,0.017275573054499272
2019-05-31,value,-0.006041750636576087,0.006351276534276307,-0.003216262184500973,0.012504182720859264,0.012349415956752135,0.01839116659332822
2019-05-31,quality,0.00897128379794791,0.011763276410056584,-0.0020227689054346243,-0.0038675304562789782,0.007102601544519754,-0.0018686822534281552
2019-05-31,low_volatility,0.017444432752667598,0.0011308724446502049,0.005212480021571297,-0.005845161036274332,0.004004238208195876,-0.013440194544471722
2019-06-30,momentum,-0.008221536694818881,0.016890109921025315,-0.008842592165781277,-0.015014309433183071,-0.020181425740492996,-0.011959889045674115
2019-06-30,value,-0.0013134079319106317,-0.002103395464191177,-0.003266792919302752,-0.02996767424736998,0.0012815164495236287,0.0025949243814342602
2019-06-30,quality,-0.02844779377178961,-0.012780610512997798,0.004641987963730565,0.0013744991459443078,-0.0001578369381383782,0.028289956833651233
2019-06-30,low_volatility,-0.016671770833422656,-0.007457132666523858,-0.01937957888514876,0.0071107576022178265,0.0010279706696265378,0.017699741503049194
2019-07-31,momentum,0.011194762537156216,0.01661522214760932,-0.012303833961519812,0.02311784330226454,0.012979074279365848,0.0017843117422096325
2019-07-31,value,0.013744779798612832,0.012994167516796561,-0.001703127338442506,0.016674360990370275,0.009892887337538953,-0.0038518924610738796
2019-07-31,quality,0.020101134444215442,0.016078386073076028,-0.010080194465238812,0.010488008353741234,0.015015733899082223,-0.005085400545133218
2019-07-31,low_volatility,0.015028484483769044,0.005665825660782342,0.012384028171455657,0.009691609237942433,0.008833120750926637,-0.006195363732842407
2019-08-31,momentum,-0.003693125860662766,-0.007530593417523351,0.02518852422105384,-0.0024769623385725082,0.007137021596144882,0.010830147456807649
2019-08-31,value,-0.017078717695775413,0.0203500044068465,-0.00804344185076053,0.01506884943929771,0.008328169900831827,0.02540688759660724
2019-08-31,quality,0.011408616812096017,0.012141833404052482,-0.016865640267549515,0.008151675944779608,0.003788378307061502,-0.007620238505034516
2019-08-31,low_volatility,0.008336502834065961,0.0109575351215977,-0.004436609693394872,-0.007467186295405997,0.011234622233577301,0.00289811939951134
2019-09-30,momentum,-0.0027430979583531467,-0.01120977876390623,0.004609139616132707,0.001434618127042492,0.01306125655044974,0.01580435450880289
2019-09-30,value,-0.010327902686302081,0.016228012180655456,0.007995461498268608,0.0075769242679220635,-0.016320357689178482,-0.005992455002876401
2019-09-30,quality,-0.01784357590832105,0.013620876678742233,-0.009619164118344964,0.008159233974934366,0.010834766944354979,0.02867834285267603
2019-09-30,low_volatility,-0.004409772076301837,0.01461068974078461,0.0054940039390510955,-0.004626409060053638,-0.0059163749721146686,-0.0015066028958128311
2019-10-31,momentum,-0.01550274772003742,-0.017429526818229714,0.015527076272717277,0.01576366420726058,0.017317109847012097,0.03281985756704951
2019-10-31,value,-0.014006689187104704,0.02569215180899397,-0.008447328019173545,0.014783007801869624,-0.002345566615862521,0.011661122571242183
2019-10-31,quality,0.01755703668438028,-0.0053135715963238015,0.007923406284678686,0.0074356790083336954,-0.011926974592346035,-0.029484011276726313
2019-10-31,low_volatility,-0.007277632309127069,0.008253495588924954,0.012658974670553696,0.013780912084824865,-0.011740174246453622,-0.004462541937326554
2019-11-30,momentum,0.00014356866272397518,0.0008979007275407181,0.02236133764404379,-0.006628588745609981,0.030863803057948076,0.0307202343952241
2019-11-30,value,0.018999574007476778,0.006941165874563277,0.0004428493418470236,0.017593975081670866,0.0036604570410886327,-0.015339116966388145
2019-11-30,quality,0.02237271610513178,0.02173465412029462,0.017487426762747987,0.00927799305605927,-0.02323476869758708,-0.04560748480271886
2019-11-30,low_volatility,0.04046957562387574,0.01844527890450385,-0.0010795801537655692,-0.005621855707178797,-0.004575397320788649,-0.04504497294466439
2019-12-31,momentum,-0.019822769747624584,-0.0008522276043136268,0.007765839372793066,0.01583904730787273,0.029428353803558016,0.0492511235511826
2019-12-31,value,0.0011790457599734016,0.012069514910544487,0.011458237445952535,-0.0034982219105248345,0.011149666926340007,0.009970621166366605
2019-12-31,quality,0.003595793264831837,0.01740220583724415,0.008097803596140285,-0.010612125846339693,0.013874566280409017,0.01027877301557718
2019-12-31,low_volatility,0.019374129569159893,0.023327292677749502,-0.014239799307694223,0.000715368320319032,0.003181251872751395,-0.016192877696408498
2020-01-31,momentum,0.018963800641013762,-0.006716696021143287,-0.007558407854677779,-0.008613216974930504,0.030542592518228225,0.011578791877214462
2020-01-31,value,0.008581191859296632,0.014246610808685094,-0.004812146155287089,-0.004616829897581287,0.013219245693377063,0.004638053834080431
2020-01-31,quality,0.011819992957436427,-0.02507789535893699,0.012804403317915002,0.012605234172832509,0.01446633721924347,0.002646344261807043
2020-01-31,low_volatility,0.009154587551915994,0.007542680438929606,0.00200057193169475,0.0001472870251022218,0.007772945360847844,-0.0013816421910681507
2020-02-29,momentum,-0.01899626124005968,-0.0021148370513661306,0.01181427067781079,-0.007737879242952189,-0.010711808288338832,0.00828445295172085
2020-02-29,value,-0.016258696936284706,0.006860861355662856,-0.013427479276390108,-0.010356813046597812,0.005435612758703729,0.021694309694988433
2020-02-29,quality,0.009008357366399117,-0.010083254541708202,-0.0039893956226363155,-0.0012847522303608527,-0.021397470116599787,-0.030405827482998905
2020-02-29,low_volatility,-0.02405418437316679,-0.01879400796484047,0.013490716653324065,0.004726102580756652,-0.0031151420409795015,0.020939042332187286
2020-03-31,momentum,-0.0006526192088566974,0.007751385261164595,-0.012647188736431008,-0.022309305119100627,0.0008347756804774009,0.0014873948893340983
2020-03-31,value,0.0016433209898529977,-0.009687525514993689,-0.01945320347446448,-0.004796476935021998,0.005270932811880835,0.0036276118220278375
2020-03-31,quality,-0.04164959683174585,0.01674701212879548,-0.004021310847849657,-0.012245071361859677,0.01414601478991337,0.05579561162165922
2020-03-31,low_volatility,-0.01851501695980068,-0.023184267586030077,-1.9793023271946763e-05,0.017893886622332787,-0.0031977611759764213,0.015317255783824257
2020-04-30,momentum,-0.0019902683230541953,0.0028645266861145715,0.015257545887600999,0.02282076583455082,0.012941920278883889,0.014932188601938085
2020-04-30,value,-0.007412435430052683,0.011656298511998519,0.002822132351961282,0.005352969193396706,0.039475525736792264,0.046887961166844946
2020-04-30,quality,0.025099085204982947,0.02233607118220235,-0.009493136116178419,0.0158066215463391,-0.0018541514532498915,-0.026953236658232838
2020-04-30,low_volatility,0.012164233486566266,0.007652562499432708,0.019789877981561028,0.008936404908523843,0.0033514114880122403,-0.008812821998554026
2020-05-31,momentum,0.0044260422006225765,-0.02462975467250484,-0.01204257986882044,-0.011253817504943775,0.016624546099271987,0.012198503898649411
2020-05-31,value,-0.018982590445774068,-0.0038367352688543966,-0.02130288524122831,0.009684722005799623,0.007561925203682656,0.026544515649456722
2020-05-31,quality,0.0007882164220295085,-0.012342100351876117,0.0023821339550688103,-0.0037170097880172503,-0.013986803983579443,-0.01477502040560895
2020-05-31,low_volatility,-0.00011986604669450007,-0.026222226490846583,-0.004669014750512962,0.005818458601135596,-0.0016829150594560415,-0.0015630490127615416
2020-06-30,momentum,0.0076300392800930875,0.0033531974943897314,-0.0010494894490545136,0.014493849459129826,0.011606323084643915,0.003976283804550828
2020-06-30,value,0.008809703283050807,0.006521855773863561,0.014136095801418913,0.0058280694810078585,0.0007381955298609077,-0.0080715077531899
2020-06-30,quality,-0.0041055885506443126,0.013203939994818253,0.0007879015152802204,0.013431556758343326,0.012716110151404558,0.01682169870204887
2020-06-30,low_volatility,0.011665197605945204,-0.006688753749181903,0.02166552211827783,0.00975954623200213,-0.000367592337841216,-0.012032789943786421
2020-07-31,momentum,0.003448865840447635,-0.01781091914745339,-0.003569084888384322,0.0022316323447456933,0.024879308060405687,0.021430442219958053
2020-07-31,value,-0.019649556825236458,0.021143794406620127,-0.007231286714132368,0.02130138992102843,-0.006384538578518428,0.01326501824671803
2020-07-31,quality,0.0047156565100759775,-7.413809235469193e-05,-0.010357541724324376,0.013108267798066597,0.0017875577182977942,-0.0029280987917781835
2020-07-31,low_volatility,-0.006606592984667536,-0.002586663179489396,0.005355622569736845,0.003710935818879163,0.009306499985302225,0.01591309296996976
2020-08-31,momentum,-0.000842095039956653,0.01248642448665146,0.04133285937026873,-0.018238559593820126,0.0025822469098275625,0.0034243419497842157
2020-08-31,value,-0.008994912239774323,0.013992682444205035,0.012837981156485646,0.009542737875614576,0.009942386896440041,0.018937299136214364
2020-08-31,quality,0.0065052843270623825,-0.006709918648355834,0.010836497554465446,0.005646868866865373,0.021042144032933606,0.014536859705871224
2020-08-31,low_volatility,0.0025036265761405442,0.01923005333623746,0.026412641185975465,-0.00796341177289574,-0.0028620331924867513,-0.0053656597686272955
2020-09-30,momentum,0.008386445634840428,0.01506918238011436,-0.005930143905444213,0.03800094069452814,-0.0032579347181729114,-0.01164438035301334
2020-09-30,value,0.011815211033489176,0.0238029133640781,0.0026295413820273837,-0.014728558551645532,0.02874938285791668,0.016934171824427503
2020-09-30,quality,0.008397193252506313,0.010255216258554845,-0.009292576926931667,0.013188597581800155,0.02972005991993616,0.021322866667429843
2020-09-30,low_volatility,0.006849890991224672,-0.009205750118550843,0.026039605784790327,0.028057771347981014,0.0005269720804206346,-0.0063229189108040375
2020-10-31,momentum,0.02918699975787642,-0.010209546176900026,-0.024616610307103347,0.011187307919472611,-0.0008709051138121482,-0.03005790487168857
2020-10-31,value,0.0008124183889750058,0.009061432415888322,-0.02266379802323057,0.014109054925161058,0.0033581383727396942,0.0025457199837646883
2020-10-31,quality,-0.007105909416463519,-0.015218309319184758,0.010424725506122872,0.00853414440488578,0.008042594904173134,0.015148504320636653
2020-10-31,low_volatility,0.011389870627953925,0.004577432118202829,-0.02585207233028211,0.009530370364185409,0.005031645299473459,-0.006358225328480466
2020-11-30,momentum,-0.0001945724018356465,0.01933361896437444,0.0068202792418595335,-0.013494255240061231,0.004532059965291024,0.004726632367126671
2020-11-30,value,0.01289271192410812,0.001815017060035773,0.007598483611480511,-0.00352775539178512,-0.0017813266742111645,-0.014674038598319283
2020-11-30,quality,0.0006177304031153519,0.00280143172557325,-0.005572774609611975,0.008589502853691066,0.010561240156860423,0.009943509753745071
2020-11-30,low_volatility,0.02976807209427878,-0.006568814639922515,0.001896427076732521,-0.0021252631153637846,-0.0059732908860968825,-0.03574136298037566
2020-12-31,momentum,0.011835990331649166,0.009321412706455501,-0.015061810804741366,-0.0066848859312967305,-0.01528424247465735,-0.027120232806306516
2020-12-31,value,0.0053684054260973,0.0014094667358432844,0.006426096618954974,-0.015020352839798834,-0.014057152113687504,-0.019425557539784803
2020-12-31,quality,-0.005201216630267203,0.00988513859001663,0.014770245141980642,-0.017813303598255236,-0.017514399676065613,-0.01231318304579841
2020-12-31,low_volatility,-0.0033007234097343187,-0.0036500459864567624,-0.016425324173202593,0.015336615443178764,-0.00783405804637587,-0.004533334636641551
2021-01-31,momentum,0.0025764504040438506,0.026829687580737276,0.004751047742132303,0.022633763175640635,-0.019008220616424893,-0.021584671020468744
2021-01-31,value,-0.00017928412241562385,-0.00700703437400319,-0.0006472850579251954,0.02220543518817693,0.023410896652296252,0.023590180774711877
2021-01-31,quality,-0.012371407585544808,0.0025666239592907537,0.012876726423636181,0.011773956776519556,0.02293682871222749,0.0353082362977723
2021-01-31,low_volatility,-0.004741539464265476,0.0011421175378315551,0.011651655340489193,0.021764284578792405,0.007966210293281501,0.012707749757546977
2021-02-28,momentum,-0.0024270603956477567,0.016975638059559362,-0.004011699600499507,-0.0007650008853672286,-0.019513160940678363,-0.017086100545030607
2021-02-28,value,-0.006221944645751704,0.0009476233926048016,-0.0045182345558189285,0.013205773232242302,-0.013154501185909967,-0.006932556540158263
2021-02-28,quality,-0.028424479291138775,0.0022963147626562873,0.011010104458352715,-0.0025676787361259947,0.007944455043622272,0.036368934334761044
2021-02-28,low_volatility,-0.0037828354837452895,-0.01934693392262558,0.0014723610460997184,0.0026783308996899623,0.009237793697947694,0.013020629181692982
2021-03-31,momentum,-0.010458830514128164,0.001169800860548309,0.012646336290916865,-0.010787351930575506,0.006472277401465382,0.016931107915593546
2021-03-31,value,-0.005642249180580305,-0.01649293216726235,0.006898491374600352,0.015498093109559057,-0.001219171028089866,0.004423078152490439
2021-03-31,quality,-0.01546468481807175,-0.002158985833748811,-0.016805519656188754,0.013014167762738938,0.020457254653497264,0.03592193947156901
2021-03-31,low_volatility,0.010332082675703552,-0.018797673669835785,-0.007229287539150875,0.013346281191467562,0.00139082945004243,-0.008941253225661121
2021-04-30,momentum,0.008545125743829823,-0.004089293461046845,0.020063394497617758,0.0038213820825906296,-0.018160467756628763,-0.026705593500458584
2021-04-30,value,-0.022106719321542113,0.020949103523891077,0.012247763450707078,0.0018005567809427857,-0.002710563327636223,0.01939615599390589
2021-04-30,quality,0.013445594795897613,0.0031829734940772405,0.0013016976089819832,-0.0004474255647284042,-0.007302699227865828,-0.020748294023763443
2021-04-30,low_volatility,-0.011643478630851694,0.016923908154919908,-0.004695350064380521,-0.00031824530945270824,0.009913306956127622,0.021556785586979314
2021-05-31,momentum,-0.0018481615216459802,-0.008114803633933788,-0.012467058603482994,-0.006718859548265221,-0.002592934220761467,-0.000744772699115487
2021-05-31,value,-0.0025861193502671963,0.005865526894825002,-0.012273335662444946,-0.02018485721612446,-0.002563032194077852,2.3087156189344205e-05
2021-05-31,quality,-0.00027136615433678846,-0.03487349682525445,0.005159136485326843,0.006565405166102595,-0.008321496199927647,-0.008050130045590858
2021-05-31,low_volatility,0.008669553928884516,-0.03349175110031832,0.010143578952411714,-0.008140495614772324,-0.008922703694295032,-0.01759225762317955
2021-06-30,momentum,0.0024505320072206573,0.022228478972768168,0.008707451584509241,-0.003243567993240526,0.004549646257445766,0.002099114250225109
2021-06-30,value,-0.0020315308921045883,0.016261610205398996,0.030696604936200057,0.00874254334731831,-0.018976686768109468,-0.01694515587600488
2021-06-30,quality,-0.004611247709069732,0.027598813882208067,0.02437401193326455,-0.014128447358221769,0.0014594100805221887,0.0060706577895919215
2021-06-30,low_volatility,-0.03222882690256086,0.03424292506632411,0.008128221716253336,0.01158253420315466,0.012967686745532054,0.04519651364809291
2021-07-31,momentum,-0.01997495509701347,0.0048621586467281815,-0.03073555918692116,0.003532666982743171,0.018767511089260187,0.03874246618627365
2021-07-31,value,-0.01015974997405682,0.014855303946620579,-0.01166151081905747,-0.01941275100205549,0.0028305302833461056,0.012990280257402925
2021-07-31,quality,0.000588951121101422,-0.0020328648701696483,-0.0019265223065343783,-0.004699835850795997,-0.015477905658804492,-0.016066856779905915
2021-07-31,low_volatility,-0.008313226252168076,-0.01650274287816984,0.01975629112251947,-0.0029862400474004736,-0.015502259509984174,-0.0071890332578160975
2021-08-31,momentum,-0.002767376421831702,0.016733668970072446,0.004856570015777712,0.0016796575763809829,0.010005358782659424,0.012772735204491126
2021-08-31,value,0.002284709623184916,-0.004376913548995842,0.012443045368633132,0.008316745247048918,0.011840292233187739,0.009555582610002823
2021-08-31,quality,0.0012251103838994027,0.007924225308427003,-0.008382485840367698,0.007386631766385032,0.022354397304715123,0.02112928692081572
2021-08-31,low_volatility,0.006547350498327609,0.012336612071252745,0.01510904700777153,0.004966893080802387,-0.00845202373509541,-0.014999374233423018
2021-09-30,momentum,-0.0029263137647741744,0.015088191717156413,0.00756199377089764,0.00913639396956779,-0.0004472029959880053,0.002479110768786169
2021-09-30,value,0.00697708908793176,0.0061477315266460055,-0.006599841376012777,0.015436102612012953,0.006451980846281724,-0.0005251082416500357
2021-09-30,quality,-0.001600173115445147,0.004219613175341058,-3.840115924858001e-05,0.018392950002916204,0.00743907379329613,0.009039246908741277
2021-09-30,low_volatility,0.006405041490898022,0.017913243035882636,0.00045501642106882676,0.011886730520548677,-0.008246968771538498,-0.01465201026243652
2021-10-31,momentum,0.012042745396352883,0.003895283099430219,-0.01481113558774923,-0.012902106780125239,-0.006490132734034926,-0.018532878130387807
2021-10-31,value,0.0073409099426155755,-0.0105108644539899,0.013883580241635617,-0.004327339047499668,-0.02465163328888792,-0.031992543231503495
2021-10-31,quality,0.009962384010726865,-0.009131114502632981,-0.019927782916052773,0.0007061694916673134,0.00012499731016528127,-0.009837386700561584
2021-10-31,low_volatility,0.02635682844125977,-0.024794862332493284,-0.0073933047913048834,-0.01352820771660399,0.001094199793016093,-0.025262628648243676
2021-11-30,momentum,0.017290437442763686,-0.015005749744856672,0.024396819215780567,0.012085292432048084,0.019240392400571536,0.0019499549578078507
2021-11-30,value,0.021552752452647417,0.015617555712177216,0.011559342986082716,-0.0042554308822212675,0.01353297147762112,-0.008019780975026298
2021-11-30,quality,-0.004868772974593566,0.021230015461119543,0.012090679726123054,0.0027592039033405512,0.02679606563031762,0.031664838604911184
2021-11-30,low_volatility,0.02509050134040533,0.029232648987117256,-0.01226131157679206,0.01781375715694773,-0.0018684041613710512,-0.026958905501776383
2021-12-31,momentum,-0.00545504621718571,0.00750134759506133,0.013975465252623914,-0.005601696359067399,0.02107846257132066,0.02653350878850637
2021-12-31,value,-0.0004780673802746938,0.0038196712118288177,0.016943969101368434,-0.010622142006299535,0.021835101916129772,0.022313169296404464
2021-12-31,quality,0.02516391304007482,0.0018618944523945858,0.006163890537281225,-0.018230264923545007,0.016539099736547175,-0.008624813303527646
2021-12-31,low_volatility,0.027923173926545426,0.0013059018924793608,0.0031831552236655626,-0.007003014694181314,0.006089316494243763,-0.021833857432301665
2022-01-31,momentum,-0.004997928826934295,-0.013802084906992246,0.019737150270553987,0.0049563175687147186,0.03261964158280326,0.03761757040973756
2022-01-31,value,0.026259766323977612,-0.00952709921766926,7.737892551392677e-05,-0.0040600383615919,0.025763088017915048,-0.0004966783060625646
2022-01-31,quality,0.02052972612349995,0.015129730040219641,-0.01425046727977335,0.0020584468927752784,0.015045659911423903,-0.005484066212076049
2022-01-31,low_volatility,0.020741095730352977,0.030664822184114877,-0.0008610696647139094,0.005602939146814173,-0.01763469170842269,-0.03837578743877566
2022-02-28,momentum,-0.005495023166246426,0.00478488351393766,0.0004758618149812377,0.0035317791028340374,-0.0009439143374203929,0.004551108828826034
2022-02-28,value,0.0011740772000211896,0.009960131153249901,-0.001871451415531189,0.0035200120818225213,-0.010429182091476308,-0.011603259291497497
2022-02-28,quality,-0.01683357803152461,0.005734756995158424,-0.006383514399690998,0.010532731525967448,0.009303190838175851,0.026136768869700462
2022-02-28,low_volatility,0.0052081328604934194,-0.015043245911423687,-0.009307294374929376,0.004909655359689435,0.016586338994256322,0.011378206133762902
2022-03-31,momentum,-0.0022824266898727797,-0.00440395769050102,-0.015053122406001656,0.02079875840473159,0.03005565824521401,0.03233808493508679
2022-03-31,value,-0.013085203724132499,0.002917460638241437,0.011322538342605177,0.002981340534636523,0.024978774072219507,0.038063977796352004
2022-03-31,quality,-0.011747895552669318,-0.007759015085856208,0.007271634405990934,-0.0036215071305589095,0.044971693226663646,0.05671958877933296
2022-03-31,low_volatility,-0.004517032526783427,0.020369716213095135,0.035623851346541995,-0.0056014761189719705,-0.01676014905031159,-0.012243116523528164
2022-04-30,momentum,0.017191770564024815,0.01087451314866717,0.010383234745859653,0.0036121625346418828,0.03270216973051275,0.015510399166487936
2022-04-30,value,0.010503738324846029,0.01034783596509124,0.0019215112651647492,0.022246643613334272,0.02974412155526998,0.01924038323042395
2022-04-30,quality,0.018105567891935036,0.026735594449779722,0.0001011416502732565,0.0051736766064749695,0.024647870125243287,0.006542302233308251
2022-04-30,low_volatility,0.02485125960643732,0.017863780024430943,0.006289875871462791,0.00628685228737112,0.019472082934004098,-0.005379176672433223
2022-05-31,momentum,0.024438943081578457,0.016407435692335538,0.0053113372446362776,0.018680872435127154,-0.0017233394032693972,-0.026162282484847855
2022-05-31,value,0.008425004604278613,-0.007404030742513818,0.03417986303171117,0.015121120440196622,0.012793291716735438,0.004368287112456825
2022-05-31,quality,-0.008868978981993587,0.020967314138818843,0.023178017739818424,0.01835823162102575,0.009480664532738598,0.018349643514732186
2022-05-31,low_volatility,0.011758023683606672,0.025191360778481397,-0.008635827853834011,0.02063557710282346,0.01416611533933051,0.0024080916557238374
2022-06-30,momentum,0.004947228858179264,0.0018842867364789128,0.019164990360508533,-0.01349284609744274,0.01925007288030488,0.014302844022125616
2022-06-30,value,-0.0009519074129193505,0.010951239852993977,0.01799083020655896,-0.00282664475042852,0.006590214841823783,0.007542122254743134
2022-06-30,quality,-0.008754330555683526,0.003504605345015199,0.016986065491942436,0.005831753112315758,0.014185639344438982,0.02293996990012251
2022-06-30,low_volatility,-0.01151655239572802,0.030707143077648286,0.014986096082139383,-0.009111621605665542,0.0066886675796347436,0.018205219975362764
2022-07-31,momentum,0.03507317518451035,0.02512431473099585,-0.0004489526496096241,-0.016944804806555424,0.0029705970980840823,-0.03210257808642627
2022-07-31,value,0.009516186374825614,0.02335596271213545,0.006260378396993926,0.00460818799440314,0.0020336140790671088,-0.007482572295758506
2022-07-31,quality,0.004971570947608561,0.006956310961208656,0.0026169784277799203,0.03760707156970703,-0.0063776023488789305,-0.011349173296487491
2022-07-31,low_volatility,0.04370608848916625,-0.023649387129064302,0.0016025106212158358,0.006771584370148953,0.017343533205958495,-0.02636255528320776
2022-08-31,momentum,0.013142770063598907,0.011296300532713206,-0.00039118715371354583,0.015991646301376238,-0.006521385954302916,-0.019664156017901824
2022-08-31,value,-0.008113261710143265,0.00971549843093853,0.018367761131181305,0.013149156920417442,0.0003989890172778787,0.008512250727421145
2022-08-31,quality,0.0011495222801108707,-0.0006130462574124307,0.019583297132666145,0.018137602949403215,-0.004739232315095909,-0.005888754595206779
2022-08-31,low_volatility,0.031462022409372875,-0.0064440962888177465,0.006224332282981743,-0.0018912717254648715,0.004167157111599889,-0.027294865297772985
2022-09-30,momentum,0.008655550233463871,0.01232849563558464,-0.01489654534632744,0.00637040962200654,-0.020734647755910433,-0.029390197989374305
2022-09-30,value,0.005305612240497104,-0.013723983126146583,0.0031792081517105497,-0.00979792666152406,0.006760351784280166,0.001454739543783062
2022-09-30,quality,-0.029690652191361404,0.0038536839857204685,0.020715801798312828,-0.005684128331412153,0.00252855712755744,0.03221920931891884
2022-09-30,low_volatility,-0.0021726831861193343,-0.008654175455503482,-0.01251198305401834,0.007049222249433223,0.00801288183502511,0.010185565021144444
2022-10-31,momentum,0.01898581730614793,-0.02343696654511706,-0.007698589188785093,0.010419119821552237,0.015547419651819055,-0.0034383976543288734
2022-10-31,value,-0.005134275910023483,0.009770880976717184,0.020637821308080305,-0.017807496779565758,0.006349871450408817,0.0114841473604323
2022-10-31,quality,-0.002474424631877953,0.0029079339272425897,-2.4497766681191856e-05,0.02329813704517813,-0.009890347528244508,-0.007415922896366555
2022-10-31,low_volatility,-0.003582249176391927,0.015759113441427525,-0.013197457880410135,0.008722244957945125,0.00611514970304648,0.009697398879438407
2022-11-30,momentum,-0.0004010447221399982,0.005530383373789022,0.003952735734667484,0.021674890684731253,0.005278975887729137,0.005680020609869135
2022-11-30,value,0.020232582664635186,0.027925667415748597,-0.006790471191760206,0.00684130835989426,-0.012173146289740939,-0.03240572895437613
2022-11-30,quality,0.0010146715015278696,-0.010031575973503315,-0.012899493000147816,0.025002486628625437,0.03294985180227472,0.03193518030074685
2022-11-30,low_volatility,0.00019843281692625837,0.009588385552682016,0.021343108484805744,-0.004583477791981117,0.009489491896343993,0.009291059079417735
2022-12-31,momentum,0.022593869258887365,0.011008453622336805,-0.008675842168351672,0.0076553834665001545,0.01956722017646536,-0.003026649082422006
2022-12-31,value,0.0022092778642548326,0.03138741018938269,0.004169465551248652,-0.0013312720915765186,0.015714202842528363,0.01350492497827353
2022-12-31,quality,0.013323693646676914,0.009387672635037286,-0.005432506295243306,0.03012894563352511,0.004741278735842009,-0.008582414910834906
2022-12-31,low_volatility,0.002117491745095923,-0.009996780568413688,0.01585652068017986,0.020776552213187173,0.02339530028578875,0.02127780854069283
2023-01-31,momentum,-0.007613676928331059,0.02325985154618234,0.02975236768280079,0.021040758510541897,-0.006496980190778096,0.0011166967375529635
2023-01-31,value,0.0028878353459964754,0.022226430785068686,0.005698714723042664,0.014142945509530524,0.014986394256777525,0.01209855891078105
2023-01-31,quality,0.012507237182714459,0.0018713507460929534,0.002091441603111499,0.035354789665485366,0.008117501423011597,-0.004389735759702862
2023-01-31,low_volatility,0.017586935656159965,0.01873157594246489,0.01946318638196403,-0.005729581887502677,0.009890204527329666,-0.007696731128830299
2023-02-28,momentum,-0.003418252282531792,-0.007262817584411075,-0.00539666456168818,0.008499182380861725,0.030167550512247936,0.033585802794779726
2023-02-28,value,0.023952252670757818,0.00441119457637934,-0.011072084881582738,0.003652661358469561,0.0016449747404546355,-0.022307277930303182
2023-02-28,quality,-0.011753588586745667,-0.009098138210216832,-0.008597838539722713,0.008252220890363532,0.043786342910800295,0.055539931497545963
2023-02-28,low_volatility,-0.00036515839765147715,0.024471147361762,0.00805233079224828,-0.009829257667958552,0.0002599363760783624,0.0006250947737298396
2023-03-31,momentum,0.025278785422237254,0.03264914124298295,-0.00024650338868343333,0.014315988581582612,-0.007357547370822148,-0.0326363327930594
2023-03-31,value,0.0008125429050949929,0.02131227330416029,0.027670759294481727,0.014418913337625744,0.0004253756459344837,-0.00038716725916050914
2023-03-31,quality,0.015268196204445982,0.017160253954116727,0.010021022659736516,0.006220610226934003,0.015969781442064006,0.0007015852376180236
2023-03-31,low_volatility,0.01862683675024323,0.014968405847704175,0.020636605363512188,-0.006810612568820357,0.017218629094658,-0.00140820765558523
2023-04-30,momentum,0.011977561061930602,0.013676196707173616,0.008260120395650217,-0.0038738299542966314,-0.0016955948203821402,-0.013673155882312743
2023-04-30,value,-0.007107524720758341,0.012771439289458142,0.0004932859388782739,0.011428162763383005,0.010759090119114583,0.017866614839872924
2023-04-30,quality,-0.002909520089646278,0.0016501137088294926,-0.007912099982761994,0.005452254134302675,0.03206370561935177,0.034973225708998044
2023-04-30,low_volatility,-0.008378418759766188,0.022269566420002586,0.010489737761590378,-0.009693980422649639,0.013657548390898527,0.022035967150664713
2023-05-31,momentum,-0.010009095876054142,-0.007819897291287469,0.003596730083758276,-0.023008903418199767,0.017044533744011693,0.027053629620065835
2023-05-31,value,0.005495387435391902,-0.03846200925042377,0.0029590563155523055,0.010035251400951923,-0.0002243186592437718,-0.005719706094635674
2023-05-31,quality,0.0016554561536847533,-0.009313492076533907,-0.01245912311556432,-0.0015324744821003434,0.0014530007627424069,-0.00020245539094234646
2023-05-31,low_volatility,-0.0520143252430965,0.003976803349417213,0.022510947371590196,0.00878408043527859,-0.00345413867096091,0.048560186572135594
2023-06-30,momentum,0.0069875209100173806,0.009162076056486635,0.000345189771754989,0.023095429296998465,0.03185291994671545,0.024865399036698068
2023-06-30,value,0.0011434685435603386,0.01732565836594906,0.01876099601972166,0.012976686911415597,0.021236326141326266,0.02009285759776593
2023-06-30,quality,2.3076206813454902e-05,0.017806137676087103,0.00406263531246065,0.02741453889888476,0.022136747887726953,0.022113671680913497
2023-06-30,low_volatility,0.025919781763721776,0.019495067729262645,0.03534365057246268,0.0005766524835562337,-0.009892016567030409,-0.03581179833075218
2023-07-31,momentum,-0.0025783233091757176,-0.005867519461179799,0.004563326752932523,-0.007300374171483781,-0.00024940535923123066,0.002328917949944487
2023-07-31,value,-0.017337520577348487,-0.011547765188779757,-0.017498402402424514,0.0312401261519135,0.0037112664685012508,0.021048787045849737
2023-07-31,quality,-0.0025085670600322853,0.006088601719171615,-0.015057271894690383,0.005224056461999809,-0.005179114774586763,-0.0026705477145544778
2023-07-31,low_volatility,0.021989041344278176,-0.008510502832030137,-0.00874591557658123,-0.0130587685587585,-0.003106149925046314,-0.02509519126932449
2023-08-31,momentum,-0.004733179491871175,0.015819536986714355,0.016649109796487326,-0.012029558996570594,0.01356642926640279,0.018299608758273966
2023-08-31,value,-0.019520260320536963,0.005566613413495208,0.027525098190144648,-0.008088012736417387,0.0237888990144772,0.04330915933501416
2023-08-31,quality,-0.019724712912109414,0.036071969220284224,0.006782589024038476,-0.011854062439226043,0.017996554668175464,0.03772126758028488
2023-08-31,low_volatility,-0.014079597886612866,0.008496997204668084,0.006909889556305759,0.0038237949001321435,0.024121253786669582,0.03820085167328245
2023-09-30,momentum,0.005539949295186325,0.0010648119496608544,-0.026261655193254442,-0.003729078888307058,0.01043201847779308,0.004892069182606756
2023-09-30,value,-0.027869414003355502,0.020408812786127585,0.002015301472603598,0.001084567444539075,-0.008593222058835993,0.01927619194451951
2023-09-30,quality,-0.004939152398179919,-0.005294633826575956,0.006517034795119775,-0.0015134485428696886,-0.007723754386415449,-0.00278460198823553
2023-09-30,low_volatility,-0.004711259021090391,-0.030141473417610604,-0.0007209230850171056,0.0159669558953545,0.0066527452694423615,0.011364004290532753
2023-10-31,momentum,0.020497920373336642,0.014982672793599489,0.003295304202403604,0.0297447991322431,-0.01207440526925328,-0.032572325642589925
2023-10-31,value,0.011409574214992257,0.017902816476672988,0.009994553378199439,0.018621403749553622,-0.0014820565870887537,-0.01289163080208101
2023-10-31,quality,0.027424185661855678,-0.0040570198827336815,0.0030485999942024833,0.010127955004446788,0.019902570454558288,-0.00752161520729739
2023-10-31,low_volatility,0.04114993938175219,-0.011866108473086634,0.013803463602539917,-0.008817178824005923,0.022176175545130006,-0.018973763836622182
2023-11-30,momentum,-0.024902184070064483,0.010821295762917144,-0.011608851908009055,0.01662342167280002,-0.008374102721452854,0.01652808134861163
2023-11-30,value,-0.003052048028646359,-0.028479860590216233,0.011761538399373389,0.003765668394387173,-0.0014357194387071947,0.0016163285899391644
2023-11-30,quality,0.00412585784889391,-0.004361908799109604,-0.005134142888705939,-0.007380116896485184,-0.004690110528402408,-0.008815968377296318
2023-11-30,low_volatility,-0.022695188669361127,-0.008067221553757303,0.009855287409152296,0.0013072907705254156,0.002159410779631493,0.02485459944899262
2023-12-31,momentum,0.032542947454197266,-0.0010468992035554624,0.013077973547204719,-0.0068126439355024,-0.002805591050347933,-0.035348538504545196
2023-12-31,value,0.012382841150279994,0.008226438101717675,-0.0015470358710960475,-0.0028049037082645556,0.018698447139359125,0.006315605989079131
2023-12-31,quality,0.01632874954501571,0.018194483674127637,-0.005290203316347714,-0.0024374846893401637,0.008160241598540724,-0.008168507946474985
2023-12-31,low_volatility,-0.0026786405199338724,-0.009969288392599085,0.0155649298316331,0.02739716524772981,0.004641620645166239,0.007320261165100111
2024-01-31,momentum,0.015329234947319215,0.03044917095441685,0.005485615957355261,-0.028176840055311153,0.017032451536707398,0.0017032165893881828
2024-01-31,value,-0.01436817666588196,-0.0113632204661684,0.010446709129207648,0.019463821359470314,0.035940499983859966,0.050308676649741924
2024-01-31,quality,0.005435671260309244,0.030670335876565463,-0.014993217434789574,0.01613001785626637,0.0028768257821360664,-0.002558845478173178
2024-01-31,low_volatility,-0.024738272440087316,0.002118711591191724,0.021270203119767978,0.02164256519697567,0.019826425872639514,0.04456469831272683
2024-02-29,momentum,0.020975345188856364,0.00555090922565929,-0.011242049672919507,-0.015165031851125332,-0.003652466068747656,-0.02462781125760402
2024-02-29,value,0.0006278804932249194,-0.025085323300805096,0.014237414535353205,-0.0007994062939706337,0.007486141387920764,0.006858260894695845
2024-02-29,quality,-0.020896220481101384,0.009494519304269478,6.06630868363156e-05,0.009433609359621781,-0.0016258644479030305,0.019270356033198353
2024-02-29,low_volatility,-0.01964736754263725,-0.00947609892929257,0.028567652910813292,0.0019948885696017215,-0.0049723681867620325,0.014674999355875218
2024-03-31,momentum,0.015398391592124333,-0.014094586189171521,-0.009002751582607027,-0.0020285446553090837,0.015342276360213809,-5.611523191052445e-05
2024-03-31,value,0.002386010902217689,0.005012580358553459,0.010870585009987731,-0.0006657779735163294,-0.01198861277199204,-0.01437462367420973
2024-03-31,quality,-0.008631435216664374,0.004446097108145269,0.008927590859187335,0.00453117701102263,-0.0036586442364403503,0.004972790980224023
2024-03-31,low_volatility,-0.009096782158396599,-0.010406016469003904,0.010009676500242232,0.015114313649985323,-6.405997576541811e-06,0.009090376160820058
2024-04-30,momentum,0.03580281257276078,-0.008814974658261532,-0.024354946094125574,-0.004054091665332821,0.010675491997961023,-0.025127320574799758
2024-04-30,value,0.00797937934956081,0.00028102664319738514,-0.015157670509737597,0.01698356158036816,-0.0008320049103868854,-0.008811384259947696
2024-04-30,quality,-0.011216153314883914,-0.022343145022561395,0.02139938196436005,0.006746579280012122,0.014667629246075014,0.025883782560958926
2024-04-30,low_volatility,0.014207329949832098,0.009007328209577541,0.0017331018546582811,-0.0023707232476352204,-0.013322744613430826,-0.027530074563262924
2024-05-31,momentum,0.0007375147327040755,-0.017229593591295063,-0.006049197365528164,0.005474692652670021,0.010184078305420058,0.009446563572715982
2024-05-31,value,0.0038936849040480228,-0.0008590898103014721,0.013838516047489462,0.0006358318721833622,-0.024391448279448447,-0.02828513318349647
2024-05-31,quality,-0.030792341005165046,0.006449371096064327,0.0025013895433481483,-0.0018898382566151562,0.016848913356338657,0.0476412543615037
2024-05-31,low_volatility,0.004615629733295717,-0.01661766210016797,-0.005536400649405432,0.0018858540129767065,0.008770073737271905,0.004154444003976188
2024-06-30,momentum,0.004393797146399902,-0.00446124255601541,-0.03000922436227471,0.005598828705282538,0.01710013120468288,0.012706334058282977
2024-06-30,value,0.004551450548393154,-0.010861606066876773,-0.0035973420973760663,-0.00034565591921077444,0.0028754436731456556,-0.0016760068752474985
2024-06-30,quality,-0.006229062572726968,0.005861267445283963,0.00901804061073474,-0.015344696157851428,-0.0006832591873651095,0.005545803385361858
2024-06-30,low_volatility,-0.008888113859379132,-0.013242391649787627,-0.0014628343042082993,-0.006563622612330755,0.02277925256378101,0.03166736642316014
2024-07-31,momentum,0.014940361566124789,0.01621908915515479,0.015713170576095004,-0.0012827700151753663,0.0016149116054700375,-0.013325449960654752
2024-07-31,value,-0.009716374145830686,0.020982206724591702,0.022732273221563837,-0.002058213504958001,0.015264870592302405,0.02498124473813309
2024-07-31,quality,-0.005254563161204967,0.026426138781335512,0.01635368963379169,-0.014337697082269346,0.024017194716016366,0.029271757877221333
2024-07-31,low_volatility,0.023476035225451573,0.0042725189820534415,0.006231158227073685,-0.004407695044988102,0.017632745498078656,-0.005843289727372917
2024-08-31,momentum,-0.007911086909479486,0.007495051627404281,-0.0030149572595675467,0.0018991044102354693,-0.011575486026924991,-0.003664399117445505
2024-08-31,value,-0.033331759645666724,0.011491711110013497,-0.005783444424066903,-0.0051488910143115295,0.019665009815699387,0.05299676946136611
2024-08-31,quality,-0.0061788893815998835,0.009105549498473791,0.00035594158201739947,-0.0015794722246675775,-0.014810503632556005,-0.008631614250956121
2024-08-31,low_volatility,-0.013612866572436978,-0.021201799835072033,0.02036275892840707,0.002554406998265396,-0.001209873677495732,0.012402992894941246
2024-09-30,momentum,-0.001307241873543058,-0.020000755613417798,-0.0025852393730804225,0.008972163046532821,0.007538002480782175,0.008845244354325233
2024-09-30,value,-0.013957331076824397,-0.0175014268746846,0.015128146725237195,0.004896577017949771,0.004050962875595749,0.018008293952420144
2024-09-30,quality,-0.011633758121718402,-0.02985000709682902,0.019824928932860687,0.012789867991409975,0.0014858969615504757,0.013119655083268877
2024-09-30,low_volatility,0.014613446042905981,-0.027348328844367376,0.021167886879256432,-0.0009890263238758912,-0.014827049086645427,-0.02944049512955141
2024-10-31,momentum,-0.024584991617801966,0.02071830546960431,0.005486608378809538,0.008799738702108328,0.01750451097283743,0.0420895025906394
2024-10-31,value,0.016647721673826332,-0.000978634931023553,-0.01559095779912802,0.02177042719590011,0.006075615765982767,-0.010572105907843566
2024-10-31,quality,-0.020095745734630917,0.006631970435390028,0.008404175757293974,0.0022213764713375885,0.03076239497616696,0.050858140710797875
2024-10-31,low_volatility,-0.009844188593528225,0.011868969973008453,0.013881101965089543,0.008179890971322523,0.0038383975896653434,0.013682586183193568
2024-11-30,momentum,0.01568425625969393,0.012536911025788671,0.022296544631555854,0.014766934517106594,0.024398714534735483,0.008714458275041553
2024-11-30,value,0.016557308122115633,0.010263870240367134,0.01156513103061813,0.008013461348354673,0.043283590227424965,0.02672628210530933
2024-11-30,quality,0.014698079123493274,0.0057537655445974055,3.0404891984575634e-05,0.020201875910299337,0.04899923549850594,0.034301156375012666
2024-11-30,low_volatility,0.015222416777510794,0.02364407938209842,0.041177548953548256,0.010052169921394521,-0.00041285406567145855,-0.015635270843182253
